1. L’approccio empirico per la comprensione del comportamento umano enfatizza ;  l'osservazione diretta e la
7Correct ;  7 Riferire sui dati.
6Correct ;  6 Raccogliere e analizzare i dati e formulare delle conclusioni
3Correct ;  3 Formare delle definizioni operative;
2Correct ;  2 Generare un'ipotesi di ricerca
1Correct ;  1 Sviluppare un quesito di ricerca
4Correct ;  4 Scegliere un disegno di ricerca
5Correct ;  5 Valutare l'etica della ricerca
3. Lo scetticismo scientifico si riferisce all’idea che ;  le affermazioni sui fenomeni dovrebbero essere verificate e
4. L’etnocentrismo si verifica quando ; i ricercatori cercano di comprendere una cultura diversa attraverso la
6. Una domanda di ricerca può essere considerata rilevante quando ; i risultati ottenuti probabilmente faranno
attraverso ; Lo sviluppo di teorie e la conduzione di attività di ricerca;
8. L’evidenza scientifica più solida per un’affermazione su un certo comportamento ; si basa sulla convergenza
9. La formulazione di un’ipotesi di ricerca include ; una forma di previsione di alcuni esiti con la spiegazione dei
11. Un aspetto del contesto sociale e culturale nel quale lavorano i ricercatori è che ;  l’accettazione da parte della
1. L'approccio empirico per la comprensione del comportamento umano enfatizza ;  l'osservazione diretta e la
7Correct ;  7 Riferire sui dati.
6Correct ;  6 Raccogliere e analizzare i dati e formulare delle conclusioni
3Correct ;  3 Formare delle definizioni operative;
2Correct ;  2 Generare un'ipotesi di ricerca
1Correct ;  1 Sviluppare un quesito di ricerca
4Correct ;  4 Scegliere un disegno di ricerca
5Correct ;  5 Valutare l'etica della ricerca
3. Lo scetticismo scientifico si riferisce all'idea che ;  le affermazioni sui fenomeni dovrebbero essere verificate e
4. L’etnocentrismo si verifica quando ; i ricercatori cercano di comprendere una cultura diversa attraverso la
6. Una domanda di ricerca può essere considerata rilevante quando ;  risultati ottenuti probabilmente faranno
attraverso ; Lo sviluppo di teorie e la conduzione di attività di ricerca;
8. L’evidenza scientifica più solida per un'affermazione su un certo comportamento ; si basa sulla convergenza
9. La formulazione di un'ipotesi di ricerca include ; una forma di previsione di alcuni esiti con la spiegazione dei
11. Un aspetto del contesto sociale e culturale nel quale lavorano i ricercatori è che ;  l'accettazione da parte della
etico, il ricercatore dovrebbe prestare attenzione a ; Informare gli studenti degli scopi della ricerca;
23. Un approccio multimetodo alla scienza psicologica significa che ; ad ogni singola domanda di ricerca è meglio
24. La scienza è ; Un’impresa cumulativa.
che intendono affrontare ; al fine di sviluppare ipotesi di ricerca;
27. In una recente critica alla pratica degli psicologi clinici, sono state fatte tutte le seguenti proposte, tranne ; 
etico, il ricercatore dovrebbe prestare attenzione a ; Informare gli studenti degli scopi della ricerca;
Un approccio multimetodo alla scienza psicologica significa che ; ad ogni singola domanda di ricerca è meglio
La scienza è ; Un’impresa cumulativa.
che intendono affrontare ; al fine di sviluppare ipotesi di ricerca;
In una recente critica alla pratica degli psicologi clinici, sono state fatte tutte le seguenti proposte, tranne ; 
includono ognuna delle seguenti risposte, tranne ; è più parsimonioso utilizzare metodi diversi;
tranne ;  l’integrità etica dei ricercatori;
35. Un aspetto etico dell’attività scientifica riguarda il fatto che ;  ognuna delle risposte precedenti
37. Due caratteristiche importanti del metodo scientifico sono ; L’approccio empirico e l’atteggiamento scettico
• La variabile interveniente serve a ;  spiegare le connessioni fra variabili.
• Una correlazione esiste quando ; due misure della stessa popolazione, o degli stessi eventi, o delle stesse cose
insegnamento è ;  variabile indipendente.
includono ognuna delle seguenti risposte, tranne ; è più parsimonioso utilizzare metodi diversi;
tranne ;  l'integrità etica dei ricercatori;
35. Un aspetto etico dell’attività scientifica riguarda il fatto che ;  ognuna delle risposte precedenti
37. Due caratteristiche importanti del metodo scientifico sono ; L’approccio empirico e l'atteggiamento scettico
e La variabile interveniente serve a ;  spiegare le connessioni fra variabili.
e Una correlazione esiste quando ; due misure della stessa popolazione, o degli stessi eventi, o delle stesse cose
insegnamento è ;  variabile indipendente.
• Per stabilire l’accuratezza di uno strumento di misurazione è necessario ;  Calibrarlo
• Il metodo scientifico, come approccio alla conoscenza, si basa su ;  procedure empiriche.
1 ; I ricercatori definiscono, classificano, catalogano o categorizzano eventi e relazioni per descrivere processi mentali
2 ; Gli psicologi applicano le loro conoscenze e metodi di ricerca per migliorare la vita delle persone.
3 ; Quando i ricercatori identificano le correlazioni tra variabili, sono in grado di predire i processi mentali e
4 ;  I ricercatori comprendono un fenomeno quando riescono a identificarne la causa (le cause).
• Nella scienza l’ingrediente essenziale è ;  Il controllo
* Perstabilire l'accuratezza di uno strumento di misurazione è necessario ;  Calibrarlo
e Il metodo scientifico, come approccio alla conoscenza, si basa su ;  procedure empiriche.
1 ; 1 ricercatori definiscono, classificano, catalogano o categorizzano eventi e relazioni per descrivere processi mentali
2 ; Gli psicologi applicano le loro conoscenze e metodi di ricerca per migliorare la vita delle persone.
3 ; Quando i ricercatori identificano le correlazioni tra variabili, sono in grado di predire i processi mentali e
4 ;  | ricercatori comprendono un fenomeno quando riescono a identificarne la causa (le cause).
e Nellascienza l’ingrediente essenziale è ;  Il controllo
• I tentativi di spiegazione scientifica utilizzati per spiegare gli eventi sono chiamati ;  Ipotesi
• Spesso la ricerca qualitativa riguarda ; Eventi ordinari in ambienti naturali, che si presentano spontaneamente
sperimentale hanno il ruolo di variabili ;  Dipendenti
• Attraverso l’utilizzo di un approccio nomotetico, gli psicologici cercano di ; stabilire leggi di comportamento
che ; Le due variabili sono tra loro associate
per un fenomeno, utilizza il principio scientificio ;  Della parsimonia
• La definizione operativa di un costrutto è ;  una procedura specifica per far emergere o per misurare il
• Quando i ricercatori riportano i loro risultati descrivono ;  solo quello che hanno osservato.
| tentativi di spiegazione scientifica utilizzati per spiegare gli eventi sono chiamati ;  Ipotesi
Spesso la ricerca qualitativa riguarda ; Eventi ordinari in ambienti naturali, che si presentano spontaneamente
sperimentale hanno il ruolo di variabili ;  Dipendenti
Attraverso l’utilizzo di un approccio nomotetico, gli psicologici cercano di ; stabilire leggi di comportamento
che ; Le due variabili sono tra loro associate
per un fenomeno, utilizza il principio scientificio ;  Della parsimonia
La definizione operativa di un costrutto è ;  una procedura specifica per far emergere o per misurare il
Quando i ricercatori riportano i loro risultati descrivono ;  solo quello che hanno osservato.
• La ricerca che ha come obiettivo il cambiamento del comportamento delle persone nella vita quotidiana è ; 
• La validità predittiva e la validità concorrente sono entrambe ;  validità legate a un criterio;
• La checklist misura le opinioni delle personE ;  False
• Secondo la teoria dell’errore casuale il punteggio osservato indica ;  La somma del punteggio vero e dell’errore;
• l termine operazionalizzazione deriva da ;  l’operazionismo, teoria che afferma che il significato di un concetto è
• La validità predittiva e la validità concorrente sono entrambe ;  validità legate a un criterio;
• Secondo la teoria dell’errore casuale il punteggio osservato indica ;  La somma del punteggio vero e dell’errore;
gruppo di 8 colleghi si scambia nel corso della giornata. Il numero di volte in cui compare un “emoticon”  ; -) è una
variabile ;  a rapporti equivalenti.
• Se lo strumento è costruito bene, l’errore sistematico sarà pari a 0.  ; True
risposta corretta quando si risponde a caso alla domanda è detto ;  
 ; True
• Quando le variabili sono manifestazioni di un costrutto vengono chiamate ;  indicatori riflettivi;
• Operazionalizzare un costrutto significa individuare gli indicatori osservabili che lo possono misurare. ;  TRUE
• L’attendibilità è ;  la coerenza tra misurazioni indipendenti dello stesso costrutto;
• La teoria classica dell’errore è detta anche ;  teoria classica dei test;
La ricerca che ha come obiettivo il cambiamento del comportamento delle persone nella vita quotidiana è ; 
La validità predittiva e la validità concorrente sono entrambe ;  validità legate a un criterio;
La checklist misura le opinioni delle persone ;  False
Secondo la teoria dell’errore casuale il punteggio osservato indica ;  La somma del punteggio vero e dell’errore;
| termine operazionalizzazione deriva da ;  l’operazionismo, teoria che afferma che il significato di un concetto è
La validità predittiva e la validità concorrente sono entrambe ;  validità legate a un criterio;
Secondo la teoria dell’errore casuale il punteggio osservato indica ;  La somma del punteggio vero e dell’errore;
gruppo di 8 colleghi si scambia nel corso della giornata. Il numero di volte in cui compare un “emoticon”  ; -) è una
variabile ;  a rapporti equivalenti.
Se lo strumento è costruito bene, l’errore sistematico sarà pari a 0.  ; True
risposta corretta quando si risponde a caso alla domanda è detto ;  
 ; True
Quando le variabili sono manifestazioni di un costrutto vengono chiamate ;  indicatori riflettivi;
Operazionalizzare un costrutto significa individuare gli indicatori osservabili che lo possono misurare. ;  TRUE
L’attendibilità è ;  la coerenza tra misurazioni indipendenti dello stesso costrutto;
La teoria classica dell’errore è detta anche ;  teoria classica dei test;
su dati misurati almeno su una scala ;  a intervalli equivalenti;
• Una variabile a un livello di misura più basso può essere trasformata in una variabile a un livello di misura più alto ; 
• Per errore sistematico di misurazione s’intende ;  un errore che influenza sistematicamente tutti i dati raccolti;
• In una staffetta 4X100, il tempo impiegato da ogni squadra è una variabile misurabile attraverso una scala ;  a
• La precisione di una misura si riferisce a ;  la corrispondenza tra il costrutto e la realtà;
possiamo dire che la nuova misura sull’autostima dimostra una buona ;  ognuna delle risposte precedenti.
• La validità di contenuto può essere valutata attraverso ;  la valutazione di giudici indipendenti esperti;
• Per errore casuale di misurazione s’intende ;  un errore che è diverso per ogni misurazione;
dati misurati almeno su una scala ;  a intervalli equivalenti;
• Uno strumento è attendibile se ;  presenta una elevata coerenza interna ed è stabile nel tempo.
• Le scale di misura possono essere distinte in ;  scale nominali, scale ordinali, scale ad intervalli equivalenti e scale a
• In una staffetta 4X100, la classifica finale delle squadre può essere espressa con una scala ; 
su dati misurati almeno su una scala ;  a intervalli equivalenti;
* = Unavariabile a un livello di misura più basso può essere trasformata in una variabile a un livello di misura più alto ; 
* Pererrore sistematico di misurazione s'intende ;  un errore che influenza sistematicamente tutti i dati raccolti;
e Inunastaffetta 4X100, il tempo impiegato da ogni squadra è una variabile misurabile attraverso una scala ;  a
* La precisione di una misura si riferisce a ;  la corrispondenza tra il costrutto e la realtà;
possiamo dire che la nuova misura sull’autostima dimostra una buona ;  ognuna delle risposte precedenti.
e La validità di contenuto può essere valutata attraverso ;  la valutazione di giudici indipendenti esperti;
Per errore casuale di misurazione s'intende ;  un errore che è diverso per ogni misurazione;
dati misurati almeno su una scala ;  a intervalli equivalenti;
Uno strumento è attendibile se ;  presenta una elevata coerenza interna ed è stabile nel tempo.
Le scale di misura possono essere distinte in ;  scale nominali, scale ordinali, scale ad intervalli equivalenti e scale a
In una staffetta 4X100, la classifica finale delle squadre può essere espressa con una scala ; 
• La teoria classica dell’errore è detta anche ; teoria classica dei test;
• Quando le variabili definiscono un costrutto non osservabile vengono chiamate ;  Indicatori formativi
• L’accuratezza si riferisce a ;  la corrispondenza tra il costrutto e la realtà;
• Il test- retest si riferisce a ;  la correlazione tra i punteggi di due somministrazioni di uno stesso strumento misura;
• L’errore standard di misurazione è ;  LA DEVIAZIONE STANDARD
apprendimento come insufficiente, sufficiente o più che sufficiente. La variabile “capacità di apprendimento” è ;  una
• In una staffetta 4X100, il tempo impiegato da ogni squadra è una variabile misurabile attraverso una scala ;  a rapporti
• Il test- retest si riferisce a ;  la correlazione tra i punteggi di due somministrazioni di uno stesso strumento misura;
• Quando in una ricerca si ricorre all’inganno, il ricercatore ha la responsabilità di ;  predisporre ed effettuare la fase
la cura degli animali, da parte degli psicologi, deve essere la più  ; tutelante possibile;
La teoria classica dell'errore è detta anche ; teoria classica dei test;
Quando le variabili definiscono un costrutto non osservabile vengono chiamate ;  Indicatori formativi
L’accuratezza si riferisce a ;  la corrispondenza tra il costrutto e la realtà;
Il test- retest si riferisce a ;  la correlazione tra i punteggi di due somministrazioni di uno stesso strumento misura;
L'errore standard di misurazione è ;  LA DEVIAZIONE STANDARD
apprendimento come insufficiente, sufficiente o più che sufficiente. La variabile “capacità di apprendimento” è ;  una
In una staffetta 4X100, il tempo impiegato da ogni squadra è una variabile misurabile attraverso una scala ;  a rapporti
Il test- retest si riferisce a ;  la correlazione tra i punteggi di due somministrazioni di uno stesso strumento misura;
e Quandoinunaricerca si ricorre all’inganno, il ricercatore ha la responsabilità di ;  predisporre ed effettuare la fase
la cura degli animali, da parte degli psicologi, deve essere la più  ; tutelante possibile;
giovani adulti. In particolare il paragrafo che hai letto a pagina 328 è il seguente ; 
• La questione primaria associata al rapporto tra costo/beneficio è ;  lo studio contribuirà con importanti
• La valutazione del rischio deve prendere in considerazione ;  ognuna di queste risposte.
• La questione primaria associata al rapporto tra costo/beneficio è ;  lo studio contribuirà con importanti
gli altri) sono necessari per garantire ai partecipanti ;  il consenso informato;
I ricercatori possono evitare ai partecipanti potenziali lesioni sociali o rischi nel loro progetto di ricerca se ; 
• I ricercatori devono adottare specifiche misure di tutela della sicurezza per i partecipanti umani, quando ;  è
giovani adulti. In particolare il paragrafo che hai letto a pagina 328 è il seguente ; 
e Laquestione primaria associata al rapporto tra costo/beneficio è ;  lo studio contribuirà con importanti
e La valutazione del rischio deve prendere in considerazione ;  ognuna di queste risposte.
e La questione primaria associata al rapporto tra costo/beneficio è ;  lo studio contribuirà con importanti
gli altri) sono necessari per garantire ai partecipanti ;  il consenso informato;
| ricercatori possono evitare ai partecipanti potenziali lesioni sociali o rischi nel loro progetto di ricerca se ; 
e ricercatori devono adottare specifiche misure di tutela della sicurezza per i partecipanti umani, quando ;  è
• Quando un soggetto partecipa ad una ricerca ha la possibilità di ritirarsi ;  in qualunque momento.
• La valutazione del rischio deve prendere in considerazione ;  ognuna di queste risposte.
• Nella ricerca, l’uso dell’inganno è giustificato quando ;  ognuna di queste risposte.
• Per decidere se il dato è un’informazione privata o meno, il ricercatore può non considerare ; 
• La fase di debriefing, oltre a fornire benefici ai partecipanti della ricerca, fornisce potenziali benefici ;  al
• Nella ricerca, l’uso dell’inganno è giustificato quando ;  ognuna di queste risposte.
• Quando si riportano citazioni dirette, ovvero le parole esatte, da una fonte, è opportuno ;  sia la risposta A che la
• Prendere una decisione etica richiede ;  l’identificazione degli orientamenti etici rilevanti nella situazione e
• La fase di debriefing, oltre a fornire benefici ai partecipanti della ricerca, fornisce potenziali benefici ;  AL
• Quando in una ricerca si ricorre all’inganno, il ricercatore ha la responsabilità di ; predisporre ed effettuare la fase
Quando un soggetto partecipa ad una ricerca ha la possibilità di ritirarsi ;  in qualunque momento.
La valutazione del rischio deve prendere in considerazione ;  ognuna di queste risposte.
Nella ricerca, l’uso dell'inganno è giustificato quando ;  ognuna di queste risposte.
Per decidere se il dato è un’informazione privata o meno, il ricercatore può non considerare ; 
La fase di debriefing, oltre a fornire benefici ai partecipanti della ricerca, fornisce potenziali benefici ;  al
Nella ricerca, l’uso dell'inganno è giustificato quando ;  ognuna di queste risposte.
Quando si riportano citazioni dirette, ovvero le parole esatte, da una fonte, è opportuno ;  sia la risposta A che la
Prendere una decisione etica richiede ;  l’identificazione degli orientamenti etici rilevanti nella situazione e
La fase di debriefing, oltre a fornire benefici ai partecipanti della ricerca, fornisce potenziali benefici ;  AL
Quando in una ricerca si ricorre all’inganno, il ricercatore ha la responsabilità di ; predisporre ed effettuare la fase
• Nella ricerca, l’uso dell’inganno è giustificato quando ;  ognuna di queste risposte. .
• Quando un soggetto partecipa ad una ricerca ha la possibilità di ritirarsi ;  in qualunque momento. ;
• I ricercatori devono adottare specifiche misure di tutela della sicurezza per i partecipanti umani, quando ;  è
• Gli standard etici del Codice etico dell’APA ;  sono principi etici generali che i ricercatori applicano alle loro e
• La questione primaria associata al rapporto tra costo/beneficio è ;  lo studio contribuirà con importanti
• I ricercatori possono evitare ai partecipanti potenziali lesioni sociali o rischi nel loro progetto di ricerca se ; 
• Prendere una decisione etica richiede ;  l’identificazione degli orientamenti etici rilevanti nella situazione e
• Prendere una decisione etica richiede ;  l’identificazione degli orientamenti etici rilevanti nella situazione e
• Gli standard etici del Codice etico dell’APA ;  sono principi etici generali che i ricercatori applicano alle loro e
• I ricercatori possono evitare ai partecipanti potenziali lesioni sociali o rischi nel loro progetto di ricerca se ; 
classificazione dei comportamenti ; viene fatta subito dopo l’osservazione
e Nellaricerca, l’uso dell'inganno è giustificato quando ;  ognuna di queste risposte. .
e Quando un soggetto partecipa ad una ricerca ha la possibilità di ritirarsi ;  in qualunque momento. ;
e ricercatori devono adottare specifiche misure di tutela della sicurezza per i partecipanti umani, quando ;  è
e Gli standard etici del Codice etico dell’APA ;  sono principi etici generali che i ricercatori applicano alle loro e
e La questione primaria associata al rapporto tra costo/beneficio è ;  lo studio contribuirà con importanti
e ricercatori possono evitare ai partecipanti potenziali lesioni sociali o rischi nel loro progetto di ricerca se ; 
e Prendere una decisione etica richiede ;  l’identificazione degli orientamenti etici rilevanti nella situazione e
e Prendere una decisione etica richiede ;  l’identificazione degli orientamenti etici rilevanti nella situazione e
e Gli standard etici del Codice etico dell’APA ;  sono principi etici generali che i ricercatori applicano alle loro e
e ricercatori possono evitare ai partecipanti potenziali lesioni sociali o rischi nel loro progetto di ricerca se ; 
classificazione dei comportamenti ; viene fatta subito dopo l'osservazione
madre-bambino rientrano nella categoria “presenza di contatto visivo”, il ricercatore deve calcolare ;  la
11. L’influenza che un osservatore esercita quando sta osservando un comportamento si chiama ;  Reattività
rappresentativo del comportamento, si chiama ; campionamento della situazione.
chiamati ; caratteristiche attese;
15. Le due categorie di indizi fisici sono ;  “indizi d’uso” e “documenti d’archivio”. Falso
descrizione delle caratteristiche dell’evento stesso, sta riportando il comportamento attraverso ;  Un racconto
istituzioni, dei Governi sono chiamati ;  accadimenti naturali;
questo decide di recarsi tutte le sere, dalle 21 alle 24, in un pub. Il disegno di ricerca scelto è ; osservazione
22. Al fine di minimizzare il bias dell’osservatore, il ricercatore dovrebbe ; limitare la quantità di informazioni che
madre-bambino rientrano nella categoria “presenza di contatto visivo”, il ricercatore deve calcolare ;  la
L'influenza che un osservatore esercita quando sta osservando un comportamento si chiama ;  Reattività
rappresentativo del comportamento, si chiama ; campionamento della situazione.
chiamati ; caratteristiche attese;
Le due categorie di indizi fisici sono ;  “indizi d’uso” e “documenti d'archivio”. Falso
descrizione delle caratteristiche dell’evento stesso, sta riportando il comportamento attraverso ;  Un racconto
istituzioni, dei Governi sono chiamati ;  accadimenti naturali;
questo decide di recarsi tutte le sere, dalle 21 alle 24, in un pub. Il disegno di ricerca scelto è ; osservazione
AI fine di minimizzare il bias dell'osservatore, il ricercatore dovrebbe ; limitare la quantità di informazioni che
automobili si fermano completamente allo stop. Questo ricercatore sta conducendo ; un’osservazione non
“campionamento del tempo” e “campionamento della situazione” per ottenere ;  un campione del
osservatori è solitamente valutata usando ; una misura della percentuale di accordo.
33. Gli appunti sul campo sono un esempio di ;  Racconto narrativo
nominale, la presenza/assenza di ciasuna tipologia di comportamento, utilizza come strumento ; la checklist;
36. In un esperimento sul campo, il ricercatore ;  manipola sempre la variabile indipendente in una situazione
comportamento nel campione utilizzerà come statistica la _____________ ;  media aritmetica di Spearman
automobili si fermano completamente allo stop. Questo ricercatore sta conducendo ; un’osservazione non
“campionamento del tempo” e “campionamento della situazione” per ottenere ;  un campione del
osservatori è solitamente valutata usando ; una misura della percentuale di accordo.
Gli appunti sul campo sono un esempio di ;  Racconto narrativo
nominale, la presenza/assenza di ciasuna tipologia di comportamento, utilizza come strumento ; la checklist;
In un esperimento sul campo, il ricercatore ;  manipola sempre la variabile indipendente in una situazione
comportamento nel campione utilizzerà come statistica la  ;  media aritmetica di Spearman
41. Le tre operazioni base nell’analisi del contenuto per i documenti d’archivio sono ; l’identificazione di una fonte
Le tre operazioni base nell'analisi del contenuto per i documenti d'archivio sono ; l’identificazione di una fonte
4. La ricerca volta a valutare la covariazione delle variabili è chiamata ;  La ricerca correlazionale
come ;  campione di convenienza;
persone per essere rappresentativo di questa popolazione dovrebbe essere composto da ;  120 donne e 80
11. Quali dei seguenti metodi rientrano nel campionamento probabilistico ;  casuale semplice e casuale
18. Il disegno trasversale è un disegno di ricerca che utilizza l’inchiesta per ;  descrivere le differenze fra due o più
La ricerca volta a valutare la covariazione delle variabili è chiamata ;  La ricerca correlazionale
come ;  campione di convenienza;
persone per essere rappresentativo di questa popolazione dovrebbe essere composto da ;  120 donne e 80
Quali dei seguenti metodi rientrano nel campionamento probabilistico ;  casuale semplice e casuale
Il disegno trasversale è un disegno di ricerca che utilizza l'inchiesta per ;  descrivere le differenze fra due o più
23. In un questionario l’item ;  “sei d’accordo o non sei d’accordo con la legge sull’aborto e la pena di morte”,
potrebbe essere criticato perché ;  è una domanda che tratta due argomenti
24. Quando una relazione tra due variabili può essere spiegata da una terza variabile, questa relazione si chiama ; 
27. Un campione è considerato “distorto” quando le caratteristiche del campione ;  differiscono sistematicamente
descrive questo problema è ; la distorsione nella percentuale di risposta.
36. Quando una correlazione fra due variabili può essere spiegata da una terza variabile si parla di ;  relazione
39. La principale minaccia alla validità esterna dei risultati ottenuti in uno studio di trend è ;  i campioni successivi
41. Le scale self-report consentono di ;  indagare preferenze e atteggiamenti
In un questionario l’item ;  “sei d'accordo o non sei d'accordo con la legge sull’aborto e la pena di morte”,
potrebbe essere criticato perché ;  è una domanda che tratta due argomenti
Quando una relazione tra due variabili può essere spiegata da una terza variabile, questa relazione si chiama ; 
Un campione è considerato “distorto” quando le caratteristiche del campione ;  differiscono sistematicamente
descrive questo problema è ; la distorsione nella percentuale di risposta.
Quando una correlazione fra due variabili può essere spiegata da una terza variabile si parla di ;  relazione
La principale minaccia alla validità esterna dei risultati ottenuti in uno studio di trend è ;  i campioni successivi
Le scale self-report consentono di ;  indagare preferenze e atteggiamenti
mentale e che ha contattato le persone via Internet, ha più probabilità di essere criticata per ;  il bias di
 46 ; Abbina ciascun termine alla definizione corretta
 47 ; Abbina ciascun strumento per la raccolta dei dati alla sua descrizione
mentale e che ha contattato le persone via Internet, ha più probabilità di essere criticata per ;  il bias di
46 ; Abbina ciascun termine alla definizione corretta
47 ; Abbina ciascun strumento per la raccolta dei dati alla sua descrizione
4. L’effetto sperimentatore è ; una distorsione che si verifica a causa delle aspettative degli sperimentatori;
ragazzi frequentanti la quarta superiore. I risultati sono i seguenti ;  PRIMA
SUPERIORE ;  media controllo = 3.84 deviazione standard = .76 Intervallo di confidenza (95%) = 3.71
– 3.97 QUARTA SUPERIORE ;  media controllo = 2.98 deviazione standard = .90 Intervallo di
12. Per controllare le caratteristiche della richiesta i ricercatori usano ;  Il gruppo placebo
essere ;  Selezionate
15. Il disegno a gruppi appaiati assicura che i gruppi dell’esperimento si equivalgono per ; la sola variabile
L'effetto sperimentatore è ; una distorsione che si verifica a causa delle aspettative degli sperimentatori;
ragazzi frequentanti la quarta superiore. | risultati sono i seguenti ;  PRIMA
SUPERIORE ;  media controllo = 3.84 deviazione standard = .76 Intervallo di confidenza (95%) = 3.71
— 3.97 QUARTA SUPERIORE ;  media controllo = 2.98 deviazione standard = .90 Intervallo di
Per controllare le caratteristiche della richiesta i ricercatori usano ;  Il gruppo placebo
essere ;  Selezionate
Il disegno a gruppi appaiati assicura che i gruppi dell’esperimento si equivalgono peri ; la sola variabile
ricercatore può concludere che ;  i risultati dell’effetto della variabile indipendente non sono convincenti.
20. I risultati di una ricerca hanno validità esterna quando ;  possono essere applicati ad individui, situazioni e
precedente l’esperimento.Questa ricerca ha una finalità ;  esplicativa (spiegare e comprendere).
sono i seguenti ;  MASCHI
ricercatore può concludere che ;  i risultati dell’effetto della variabile indipendente non sono convincenti.
I risultati di una ricerca hanno validità esterna quando ;  possono essere applicati ad individui, situazioni e
precedente l’esperimento.Questa ricerca ha una finalità ;  esplicativa (spiegare e comprendere).
sono i seguenti ;  MASCHI
3.27 – 3.53 FEMMINE ; media dipendenza = 3.47 deviazione standard = .78 Intervallo di confidenza (95%) =
28. Nella procedura in doppio cieco ; né i partecipanti né l’osservatore sono a conoscenza del trattamento
30. Il disegno a gruppi appaiati è usato quando ;  i gruppi sono distinti in base ai livelli della variabile
precedente l’esperimento. La variabile “stress” è la variabile ; _________ DIPENDENTE
37. Quando si utilizza un disegno a gruppi naturali, i ricercatori devono ;  evitare di trarre inferenze causali
partecipanti è stato chiesto di compilare la scala di autostima. L’autostima è la variabile ; _________
3.27-3.53 FEMMINE ; media dipendenza = 3.47 deviazione standard = .78 Intervallo di confidenza (95%) =
Nella procedura in doppio cieco ; né i partecipanti né l'osservatore sono a conoscenza del trattamento
Il disegno a gruppi appaiati è usato quando ;  i gruppi sono distinti in base ai livelli della variabile
precedente l’esperimento. La variabile “stress” è la variabile ;  DIPENDENTE
Quando si utilizza un disegno a gruppi naturali, i ricercatori devono ;  evitare di trarre inferenze causali
partecipanti è stato chiesto di compilare la scala di autostima. L’autostima è la variabile ; 
associazioni di cui sono membri. Il comportamento prosociale è la variabile ; _________ DIPENDENTE
41. Il modo migliore per dimostrare che l’effetto della variabile indipendente è attendibile, è ;  LA REPLICA
42. Le procedure per eliminare spiegazioni alternative all’inferenza causale sono ;  il “mantenimento della
partecipanti è stato chiesto di compilare la scala di autostima. Questa ricerca ha una finalità ;  PREDITTIVA
effetto. Questo approccio si chiama ; la verifica della significatività dell’ipotesi nulla (NHST);
49. Un vantaggio della misura dell’ampiezza dell’effetto è che essa ; è indipendente dalla dimensione del
52. L’obiettivo dell’assegnazione casuale dei soggetti alle condizioni dell’esperimento è ;  bilanciare le variabili
associazioni di cui sono membri. Il comportamento prosociale è la variabile ;  DIPENDENTE
Il modo migliore per dimostrare che l’effetto della variabile indipendente è attendibile, è ;  LA REPLICA
|“ Le procedure per eliminare spiegazioni alternative all’inferenza causale sono ;  il “mantenimento della
partecipanti è stato chiesto di compilare la scala di autostima. Questa ricerca ha una finalità ;  PREDITTIVA
effetto. Questo approccio si chiama ; la verifica della significatività dell’ipotesi nulla (NHST);
Un vantaggio della misura dell’ampiezza dell'effetto è che essa ; è indipendente dalla dimensione del
L'obiettivo dell’assegnazione casuale dei soggetti alle condizioni dell'esperimento è ;  bilanciare le variabili
comportamento sono chiamati  ; caratteristiche della richiesta.
di ;  effetto della sequenza.
• Gli effetti dell’ordine non lineari possono presentarsi quando ;  comportano bruschi cambiamenti iniziali seguiti da
passaggio ; 
• I due principali vantaggi del disegno a misure ripetute sono ;  il minor numero di partecipanti alla ricerca e la
comportamento sono chiamati  ; caratteristiche della richiesta.
di ;  effetto della sequenza.
Gli effetti dell'ordine non lineari possono presentarsi quando ;  comportano bruschi cambiamenti iniziali seguiti da
passaggio ; 
| due principali vantaggi del disegno a misure ripetute sono ;  il minor numero di partecipanti alla ricerca e la
partecipanti è stato chiesto di compilare la scala di autoefficacia.La finalità di questa ricerca è ;  esplicativa
disegno a misure ripetute ;  i partecipanti servono da controllo di se stessi;
calcolare per ogni partecipante ; Il punteggio in ogni condizione
scontrino per contare il numero di oggetti comprati. La finalità di questa ricerca è ; 
• Nei disegni a misure ripetute la fonte della variazione dell’errore è data da ;  Differenze nei modi in cui le condizioni
partecipanti è stato chiesto di compilare la scala di autoefficacia.La finalità di questa ricerca è ;  esplicativa
disegno a misure ripetute ;  i partecipanti servono da controllo di se stessi;
calcolare per ogni partecipante ; ll punteggio in ogni condizione
scontrino per contare il numero di oggetti comprati. La finalità di questa ricerca è ; 
Nei disegni a misure ripetute la fonte della variazione dell’errore è data da ;  Differenze nei modi in cui le condizioni
studenti migliora con la nuova strategia di apprendimento. Questi risultati ;  non sono interpretabili perché gli
• I ricercatori possono scegliere di utilizzare un disegno a misure ripetute quando ; 
• La differenza cruciale tra un esperimento con un disegno a misure ripetute e una ricerca longitudinale è che ;  nel
scontrino per contare il numero di oggetti comprati. Il numero di oggetti comprati è la variabile ; 
• Nei disegni a gruppi indipendenti la fonte della variazione dell’errore è data da ;  Differenze individuali fra i
• Nel disegno a misure ripetute, un potenziale problema è ;  l’effetto della sequenza;
• In un disegno a misure ripetute, il problema più serio è ;  l’effetto della sequenza.
• In un esperimento a misure ripetute, gli effetti dell’ordine possono minacciare la validità interna quando ;  le
studenti migliora con la nuova strategia di apprendimento. Questi risultati ;  non sono interpretabili perché gli
| ricercatori possono scegliere di utilizzare un disegno a misure ripetute quando ; 
La differenza cruciale tra un esperimento con un disegno a misure ripetute e una ricerca longitudinale è che ;  nel
scontrino per contare il numero di oggetti comprati. Il numero di oggetti comprati è la variabile ; 
Nei disegni a gruppi indipendenti la fonte della variazione dell’errore è data da ;  Differenze individuali fra i
Nel disegno a misure ripetute, un potenziale problema è ;  l’effetto della sequenza;
In un disegno a misure ripetute, il problema più serio è ;  l’effetto della sequenza.
In un esperimento a misure ripetute, gli effetti dell'ordine possono minacciare la validità interna quando ;  le
• La presenza dell’effetto della sequenza minaccia la validità interna, perché ;  diventa impossibile determinare se ci
 ;  within
• In un disegno 3 × 3 × 2 ;  ci sono 3 variabili indipendenti, 2 con 3 livelli e 1 con 2 livelli.
• Un disegno fattoriale implica sempre la presenza di ;  due o più variabili indipendentI
La presenza dell'effetto della sequenza minaccia la validità interna, perché ;  diventa impossibile determinare se ci
 ;  within
In un disegno 3 x 3 x 2 ;  ci sono 3 variabili indipendenti, 2 con 3 livelli e 1 con 2 livelli.
Un disegno fattoriale implica sempre la presenza di ;  due o più variabili indipendenti
• In un disegno fattoriale 3 x 4 x 5 quante variabili sono presenti?Quattro ;  una variabile dipendente e tre
lavoro. Per tale motivo conduce una ricerca il cui risultato viene rappresentato nel grafico seguente ; Quale
In un disegno fattoriale 3 x 4 x 5 quante variabili sono presenti?Quattro ;  una variabile dipendente e tre
lavoro. Per tale motivo conduce una ricerca il cui risultato viene rappresentato nel grafico seguente ; Quale
il metodo B rispetto agli studenti che hanno un livello d’ansia elevato. Questi risultati indicano ;  un effetto di
oggetti comprati. Il disegno di ricerca utilizzato dal ricercatore è ;  ____ DISEGNO MISTO FATTORIALE
indipendente, “età”, la generalizzabilità (validità esterna) dell’effetto “difficoltà del compito” ;  DECRESCE
seconda variabile indipendente ; effetto interazione
possibile affermare che ; in questo esperimento, perché la variabile possa essere considerata rilevante, deve
il metodo B rispetto agli studenti che hanno un livello d’ansia elevato. Questi risultati indicano ;  un effetto di
oggetti comprati. Il disegno di ricerca utilizzato dal ricercatore è ;  ____DISEGNO MISTO FATTORIALE
indipendente, “età”, la generalizzabilità (validità esterna) dell’effetto “difficoltà del compito” ;  DECRESCE
seconda variabile indipendente ; effetto interazione
possibile affermare che ; in questo esperimento, perché la variabile possa essere considerata rilevante, deve
• Un effetto di interazione potrebbe essere non interpretabile quando nella rilevazione dei dati si verifica ; 
passaggi musicali semplici o complessi. Il disegno di questo esperimento è ; Un disegno fattoriale 2 × 2;
empatico. Dopo aver raccolto i dati, dalle analisi, emergono i seguenti risultati (cfr. grafico sotto riportato)  ; 
Un effetto di interazione potrebbe essere non interpretabile quando nella rilevazione dei dati si verifica ; 
passaggi musicali semplici o complessi. Il disegno di questo esperimento è ; Un disegno fattoriale 2 x 2;
empatico. Dopo aver raccolto i dati, dalle analisi, emergono i seguenti risultati (cfr. grafico sotto riportato)  ; 
• In un disegno fattoriale, l’effetto complessivo di una variabile indipendente è chiamato ;  EFFETTO PRINCIPALE
indipendenti ; gli effetti di ogni variabile indipendente possono essere generalizzati tra i livelli dell’altra
In un disegno fattoriale, l’effetto complessivo di una variabile indipendente è chiamato ;  EFFETTO PRINCIPALE
indipendenti ; gli effetti di ogni variabile indipendente possono essere generalizzati tra i livelli dell'altra
Nel grafico di un disegno fattoriale si può osservare un effetto interazione quando le linee del grafico sono ; 
• Nel disegno a baseline multiple tra individui, il trattamento è somministrato ; in successione ad un individuo
• Tutte le seguenti affermazioni rappresentano uno svantaggio del metodo di studio di caso, tranne ; 
Nel grafico di un disegno fattoriale si può osservare un effetto interazione quando le linee del grafico sono ; 
e Neldisegnoa baseline multiple tra individui, il trattamento è somministrato ; in successione ad un individuo
e Tutte le seguenti affermazioni rappresentano uno svantaggio del metodo di studio di caso, tranne ; 
maggiori difficoltà a interpretare i riultati di un esperimento su singolo soggetto se la baseline mostra ;  un
• Nel disegno a baseline multiple, il comportamento d’interesse dovrebbe cambiare ;  subito dopo l’inizio del
grado di controllo rende difficoltoso il suo utilizzo ;  nel trarre conclusioni di causa-effetto di un
punteggi ottenuti è il seguente ;  Sì, ha avuto effetto. Infatti, i punteggi sono risultati più alti durante le
maggiori difficoltà a interpretare i riultati di un esperimento su singolo soggetto se la baseline mostra ;  un
Nel disegno a baseline multiple, il comportamento d’interesse dovrebbe cambiare ;  subito dopo l’inizio del
grado di controllo rende difficoltoso il suo utilizzo ;  nel trarre conclusioni di causa-effetto di un
punteggi ottenuti è il seguente ;  Sì, ha avuto effetto. Infatti, i punteggi sono risultati più alti durante le
variazione dovuta al trattamento se ha ; un andamento stabile;
lecito assumere che ; l’abilità di generalizzare da un caso singolo dipende dal grado di variabilità della
comportamento durante la baseline permette al ricercatore di ; descrivere il comportamento prima della
variazione dovuta al trattamento se ha ; un andamento stabile;
lecito assumere che ; l’abilità di generalizzare da un caso singolo dipende dal grado di variabilità della
comportamento durante la baseline permette al ricercatore di ; descrivere il comportamento prima della
media ;  possono indurre le persone a pensare agli effetti benefici che avranno su di loro.
• Un'equipe di ricerca sta effettuando una ricerca per verificare l’efficacia di un nuovo trattamento dal titolo ; 
media ;  possono indurre le persone a pensare agli effetti benefici che avranno su di loro.
Un'equipe di ricerca sta effettuando una ricerca per verificare l'efficacia di un nuovo trattamento dal titolo ; 
prima e dopo l’introduzione di un trattamento, è l’essenza di ;  un disegno semplice a serie temporali interrotte;
• La ricerca condotta in un contesto naturale ;  è più probabile che sia una ricerca applicata piuttosto che una ricerca
prima e dopo l'introduzione di un trattamento, è l'essenza di ;  un disegno semplice a serie temporali interrotte;
e Laricerca condotta in un contesto naturale ;  è più probabile che sia una ricerca applicata piuttosto che una ricerca
• Il modo migliore per stabilire la validità esterna dei risultati di una ricerca è ;  la replica dei risultati in
programma è stato attuato nel modo in cui è stato pianificato, pongono delle domande che riguardano ;  il
• La valutazione di programma valuta tutti i seguenti aspetti, tranne ;  i bisogni degli amministratori;
Il modo migliore per stabilire la validità esterna dei risultati di una ricerca è ;  la replica dei risultati in
programma è stato attuato nel modo in cui è stato pianificato, pongono delle domande che riguardano ;  il
La valutazione di programma valuta tutti i seguenti aspetti, tranne ;  i bisogni degli amministratori;
informazioni ;  sul risultato e sull’efficienza del programma;
• Se confrontati con gli esperimenti condotti in laboratorio, gli esperimenti condotti in contesti naturali ;  hanno
• In geneale, le proposte di ricerca non includono i seguenti aspetti, tranne ;  Gli esatti risultati dei test statistici;
• Nella prima pagina di una comunicazione formale di ricerca si trova ;  Tutte le precedenti informazioni.
• La maggior parte delle riviste utilizza come norme editoriali ;  Le norme APA; In psicologia, i ricercatori usano
Internet per ;  ognuna di queste risposte.
• Una presentazione orale deve offrire ;  panoramica del problema, della metodologia, dei risultati e delle
• Un’introduzione ad un articolo deve soddisfare tre obiettivi principali, tranne ;  Riportare il risultato che la ricerca
• Il tempo concesso per una presentazione orale, in genere, è ;  10-15 minuti in cui il ricercatore fornisce una breve
• In una comunicazione di ricerca, il principale obiettivo dell’Abstract è quello di ;  sintetizzare lo scopo e il contenuto
• Un ricercatore che vuole pubblicare un articolo in una rivista scientifica deve redigerlo seguendo ;  le linee guida
• La seguente citazione “Posavac, E.J. (2011). Englewood Cliffs, NJ ;  Prentice Hall . Program evaluation (8th ed.)”
• La banca dati on line principalmente utilizzata per cercare letteratura psicologica è ;  PsycINFO;
ricercatori esperti dello specifico campo di ricerca affrontato. Questo processo è conosciuto come ;  peer review;
informazioni ;  sul risultato e sull'efficienza del programma;
e Seconfrontaticon gli esperimenti condotti in laboratorio, gli esperimenti condotti in contesti naturali ;  hanno
In geneale, le proposte di ricerca non includono i seguenti aspetti, tranne ;  Gli esatti risultati dei test statistici;
Nella prima pagina di una comunicazione formale di ricerca si trova ;  Tutte le precedenti informazioni.
La maggior parte delle riviste utilizza come norme editoriali ;  Le norme APA; In psicologia, i ricercatori usano
Internet per ;  ognuna di queste risposte.
Una presentazione orale deve offrire ;  panoramica del problema, della metodologia, dei risultati e delle
Un’introduzione ad un articolo deve soddisfare tre obiettivi principali, tranne ;  Riportare il risultato che la ricerca
Il tempo concesso per una presentazione orale, in genere, è ;  10-15 minuti in cui il ricercatore fornisce una breve
In una comunicazione di ricerca, il principale obiettivo dell’Abstract è quello di ;  sintetizzare lo scopo e il contenuto
Un ricercatore che vuole pubblicare un articolo in una rivista scientifica deve redigerlo seguendo ;  le linee guida
La seguente citazione “Posavac, E.J. (2011). Englewood Cliffs, NJ ;  Prentice Hall . Program evaluation (8th ed.)”
La banca dati on line principalmente utilizzata per cercare letteratura psicologica è ;  PsycINFO;
ricercatori esperti dello specifico campo di ricerca affrontato. Questo processo è conosciuto come ;  peer review;
• La sezione “Metodo” di una comunicazione scientifica contiene diverse sottosezioni, tranne quella ;  delle note a
La sezione “Metodo” di una comunicazione scientifica contiene diverse sottosezioni, tranne quella ;  delle note a
